title,url
넷플릭스 한국드라마 추천 10개 미스터션샤인 외,https://blog.naver.com/dongi0508/222346699583
"넷플릭스 드라마 영화 추천 - 검블유, 클래식 외 8편",https://blog.naver.com/gorgeous_ha/222444462229
넷플릭스 미드 추천,https://blog.naver.com/jjingnee/222381605384
넷플릭스 드라마 추천 8편! 시간 순삭!,https://blog.naver.com/photorim/222353669928
"넷플릭스 한국 드라마 17편 추천 (줄거리x, 스포x)",https://blog.naver.com/aji0224/222462274848
넷플릭스 드라마 추천! 안 보면 후회할 한국 드라마 BEST 10,https://post.naver.com/viewer/postView.naver?volumeNo=32156329&memberNo=45408110&vType=VERTICAL
아직도 못 봤다고? 넷플릭스 영국 드라마 추천작 Top 5,https://post.naver.com/viewer/postView.nhn?volumeNo=31092226&memberNo=28192866&vType=VERTICAL
넷플릭스 추천 ~~ !,https://cafe.naver.com/engmstudy/2056279
[넷플릭스 드라마 추천] 시간순삭! 넷플릭스 정주행 드라마 추천☆,https://post.naver.com/viewer/postView.naver?volumeNo=22301498&memberNo=40222653&vType=VERTICAL
